Workbook

Sheet ANAGRAFICA AZIENDA
A2: Autorizzazione Integrata Ambientale - Direttiva IPPC
A3: REPORT ANNUALE PER L'INVIO DEI DATI DI AUTOCONTROLLO
A4: Modello generale per tutte le attività dell'allegato I del D.Lgs.59/2005
A5: (escluse le attività IPPC 5 e 6.6 Allegato I e attività Allegato V del D.Lgs.59/2005)
C7: ANAGRAFICA AZIENDA
C10: ANNO DI RIFERIMENTO | F10: dal | G10: 45292 | I10: al | J10: 45657
C13: Ragione sociale: | E13: Promolog Srl
C15: Categoria IPPC | E15: 6.4b
C17: PIVA | E17: 01132290295
C19: Indirizzo impianto: | E19: via | F19: Zurlare
E21: n° | F21: 21 | H21: CAP | I21: 37041
E23: città | F23: Coriano Veronese (Comune di Albaredo d'Adige)
C27: Referente IPPC: | E27: Mauro Pasetto
F29: tel: | G29: 045 6629125 | I29: fax: | J29: 045 7025031
F31: e-mail: | G31: mpasetto@grandimolini.it
C35: Compilatore report annuale IPPC:
F36: Mauro Pasetto
F38: tel: | G38: 045 6629125
F40: e-mail: | G40: mpasetto@grandimolini.it
C43: Numero giorni lavorati in un anno | G43: 300

Sheet MATERIE PRIME
A2: 1 - COMPONENTI AMBIENTALI
A4: 1.1. Materie prime e prodotti in ingresso e in uscita
F5: In Ingresso
A7: Tabella 1.1.1. Materie prime
A9: Denominazione | O9: U.M.
B10: GENNAIO | C10: FEBBRAIO | D10: MARZO | E10: APRILE | F10: MAGGIO | G10: GIUGNO | H10: LUGLIO | I10: AGOSTO | J10: SETTEMBRE | K10: OTTOBRE | L10: NOVEMBRE | M10: DICEMBRE | N10: TOTALE ANNO
A11: Grano | B11: 5172.53 | C11: 4700.297 | D11: 4132.25 | E11: 4903.73 | F11: 2903.41 | G11: 2543.94 | H11: 4863.8 | I11: 4008.37 | J11: 5033.68 | K11: 5825.03 | L11: 5677 | M11: 4843.13 | N11: =SUM(B11:M11) -> 54607.167 | O11: t
A12: Farina sfusa (da altri stabilimenti del gruppo) | B12: 342.54 | C12: 371.04 | D12: 417.08 | E12: 415.44 | F12: 626.46 | G12: 515.84 | H12: 383.8 | I12: 352.62 | J12: 762.8 | K12: 1042.98 | L12: 844.14 | M12: 1016.34 | N12: =SUM(B12:M12) -> 7091.08 | O12: t
A13: Farina già confezionata (da altri stabilimenti del gruppo) | B13: 129.4 | C13: 123.5 | D13: 125.08 | E13: 125.48 | F13: 154.8 | G13: 94.74 | H13: 220.2 | I13: 56.1 | J13: 141.12 | K13: 159.8 | L13: 149.4 | M13: 178.87 | N13: =SUM(B13:M13) -> 1658.49 | O13: t
N14: =SUM(B14:M14) -> 0
N15: =SUM(B15:M15) -> 0
N16: =SUM(B16:M16) -> 0
N17: =SUM(B17:M17) -> 0
N18: =SUM(B18:M18) -> 0
N19: =SUM(B19:M19) -> 0
N20: =SUM(B20:M20) -> 0
N21: =SUM(B21:M21) -> 0
N22: =SUM(B22:M22) -> 0
N23: =SUM(B23:M23) -> 0
N24: =SUM(B24:M24) -> 0
A27: Tabella 1.1.2. - Altre materie e sostanze in ingresso
A30: Denominazione | O30: U.M.
B31: GENNAIO | C31: FEBBRAIO | D31: MARZO | E31: APRILE | F31: MAGGIO | G31: GIUGNO | H31: LUG.IO | I31: AGOSTO | J31: SETTEMBRE | K31: OTTOBRE | L31: NOVEMBRE | M31: DICEMBRE | N31: TOTALE ANNO
A32: Carta per confezionamento | B32: =34.72+16.66 -> 51.38 | C32: 18.31 | D32: 5.76 | E32: =4.27+8.92 -> 13.19 | F32: =3.91+3.67+2.41+5.81+4.62+3.42 -> 23.84 | G32: =2.51+6.38+12.16+8.96 -> 30.01 | H32: =5.745+9.42+4.71+2.11 -> 21.985 | I32: =5.04+4.26+5.72 -> 15.02 | J32: =6.89+0.36+18.49+5.92+8.54+13.7 -> 53.9 | K32: =7.62+12.89+0.96+15.77+13.75+9.99 -> 60.98 | L32: =6.87+16.28+17.19 -> 40.34 | M32: =14.52+4.79+5.43+13.86 -> 38.6 | N32: =SUM(B32:M32) -> 373.315 | O32: t
A33: Termosaldato per confezionamento | C33: 0.46 | L33: 0.34 | N33: =SUM(B33:M33) -> 0.8 | O33: t
A34: Film estensibile | B34: 9.61 | E34: =4.81+4.82 -> 9.63 | H34: 0.74 | J34: 2.65 | K34: 1.48 | L34: 0.56 | N34: =SUM(B34:M34) -> 24.67 | O34: t
A35: Film termoretraibile | B35: =10.02+2.03 -> 12.05 | E35: 8.07 | F35: 8.48 | G35: 2.07 | I35: 4.16 | J35: =6.77+2.01 -> 8.78 | K35: 5.1 | L35: 0.13 | M35: =3.39+2.03 -> 5.42 | N35: =SUM(B35:M35) -> 54.26 | O35: t
A36: Polistirolo | B36: 0.41 | C36: 0.24 | E36: =0.5+0.24 -> 0.74 | N36: =SUM(B36:M36) -> 1.39 | O36: t
A37: Cartone | B37: 19.1 | D37: 5.27 | E37: =8.44+5.37 -> 13.81 | F37: 7.8 | G37: 5.52 | H37: 6.97 | I37: 2.22 | J37: =4.89+4.38 -> 9.27 | K37: 24.63 | L37: 19.93 | M37: 8.39 | N37: =SUM(B37:M37) -> 122.91 | O37: t
A38: Pallet | B38: 2.26 | C38: 0.82 | D38: 0.41 | E38: 0.36 | G38: 0.09 | H38: =0.6+0.81 -> 1.41 | I38: 0.11 | J38: 1.19 | K38: 0.11 | L38: 0.33 | M38: 0.38 | N38: =SUM(B38:M38) -> 7.47 | O38: t
A39: Colla solida | B39: 0.98 | G39: 0.6 | L39: 1.8 | M39: 1.2 | N39: =SUM(B39:M39) -> 4.58 | O39: t
A40: Colla liquida | B40: 2.16 | D40: 0.54 | F40: 2.03 | H40: 3.19 | M40: =2.17+0.54 -> 2.71 | N40: =SUM(B40:M40) -> 10.63 | O40: t
A41: Sostanze chimiche pericolose | E41: 0.06 | H41: 0.06 | N41: =SUM(B41:M41) -> 0.12 | O41: t
A42: Prodotti usati per la sanificazione degli impianti (disinfestanti) | N42: =SUM(B42:M42) -> 0 | O42: t
N43: =SUM(B43:M43) -> 0
N44: =SUM(B44:M44) -> 0
A47: Tabella 1.1.3. Sottoprodotti (art. 183 D.Lgs. 152/2006 s.m.i) e Materie Prime Secondarie
A50: Denominazione | O50: U.M.
B51: GENNAIO | C51: FEBBRAIO | D51: MARZO | E51: APRILE | F51: MAGGIO | G51: GIUGNO | H51: LUG.IO | I51: AGOSTO | J51: SETTEMBRE | K51: OTTOBRE | L51: NOVEMBRE | M51: DICEMBRE | N51: TOTLAE ANNO
A52: --- | N52: =SUM(B52:M52) -> 0
A53: --- | N53: =SUM(B53:M53) -> 0
A54: --- | N54: =SUM(B54:M54) -> 0
A55: --- | N55: =SUM(B55:M55) -> 0
A56: --- | N56: =SUM(B56:M56) -> 0
A57: --- | N57: =SUM(B57:M57) -> 0
A58: --- | N58: =SUM(B58:M58) -> 0
A59: --- | N59: =SUM(B59:M59) -> 0
A60: --- | N60: =SUM(B60:M60) -> 0
A61: --- | N61: =SUM(B61:M61) -> 0
A62: --- | N62: =SUM(B62:M62) -> 0
A63: --- | N63: =SUM(B63:M63) -> 0
... A65: --- | N65: =SUM(B65:M65) -> 0
A68: Tabella 1.1.4 – Controllo radiometrico
A70: E' previsto il controllo radiometrico in entrata? (SI/NO)
A73: Denominazione | B73: Modalità stoccaggio | C73: Strumentazione usata | D73: Data controllo
A74: ---
A75: ---
A76: ---
F79: In Uscita
A81: Tabella 1.1.5. Prodotti finiti
A84: Denominazione | O84: U.M.
B85: GENNAIO | C85: FEBBRAIO | D85: MARZO | E85: APRILE | F85: MAGGIO | G85: GIUGNO | H85: LUGLIO | I85: AGOSTO | J85: SETTEMBRE | K85: OTTOBRE | L85: NOVEMBRE | M85: DICEMBRE | N85: TOTALE ANNO
A86: Farina | B86: 3511.79 | C86: 4079.37 | D86: 5124.35 | E86: 4368.819 | F86: 3515.78 | G86: 3051.55 | H86: 3998.25 | I86: 3170.11 | J86: 4797.78 | K86: 5315.3 | L86: 5237.52 | M86: 5248.34 | N86: =SUM(B86:M86) -> 51418.959 | O86: t
A87: Cruscami (crusca pellet+ sfoglia, tritello, farinaccio e germe | B87: 1049.04 | C87: 1110.36 | D87: 1174.78 | E87: 1298.62 | F87: 884.2 | G87: 692.72 | H87: 832.24 | I87: 945 | J87: 1189.3 | K87: 1332.08 | L87: 1555.24 | M87: 1243.2 | N87: =SUM(B87:M87) -> 13306.78 | O87: t
A88: Farina tipo 1 | B88: 30.52 | C88: 30.56 | D88: 27.72 | E88: 0 | F88: 0 | G88: 29.34 | H88: 0 | I88: 30.64 | J88: 28.78 | K88: 0 | L88: 0 | M88: 0 | N88: =SUM(B88:M88) -> 177.56 | O88: t
N89: =SUM(B89:M89) -> 0
N90: =SUM(B90:M90) -> 0
N91: =SUM(B91:M91) -> 0
N92: =SUM(B92:M92) -> 0
N93: =SUM(B93:M93) -> 0
N94: =SUM(B94:M94) -> 0
N95: =SUM(B95:M95) -> 0
N96: =SUM(B96:M96) -> 0
N97: =SUM(B97:M97) -> 0
N98: =SUM(B98:M98) -> 0
N99: =SUM(B99:M99) -> 0
A102: Tabella 1.1.6. Sottoprodotti (art. 183 D.Lgs. 152/2006 s.m.i) e Materie Prime Secondarie
A105: Denominazione della MPS | O105: U.M.
B106: GENNAIO | C106: FEBBRAIO | D106: MARZO | E106: APRILE | F106: MAGGIO | G106: GIUGNO | H106: LUGLIO | I106: AGOSTO | J106: SETTEMBRE | K106: OTTOBRE | L106: NOVEMBRE | M106: DICEMBRE | N106: TOTALE ANNO
A107: --- | N107: =SUM(B107:M107) -> 0
A108: --- | N108: =SUM(B108:M108) -> 0
A109: --- | N109: =SUM(B109:M109) -> 0
A110: --- | N110: =SUM(B110:M110) -> 0
A111: --- | N111: =SUM(B111:M111) -> 0
A112: --- | N112: =SUM(B112:M112) -> 0
A113: --- | N113: =SUM(B113:M113) -> 0
A114: --- | N114: =SUM(B114:M114) -> 0
A115: --- | N115: =SUM(B115:M115) -> 0
A116: --- | N116: =SUM(B116:M116) -> 0
A117: --- | N117: =SUM(B117:M117) -> 0
A118: --- | N118: =SUM(B118:M118) -> 0
... A120: --- | N120: =SUM(B120:M120) -> 0
A123: Tabella 1.1.7 – Controllo radiometrico
A125: E' previsto il controllo radiometrico in uscita? (SI/NO)
A128: Denominazione | B128: Modalità stoccaggio | C128: Strumentazione usata | D128: Data controllo
A129: ---
A130: ---
A131: ---

Sheet ACQUA ED ENERGIA
A1: 1 - COMPONENTI AMBIENTALI
A3: 1.2. Risorse idriche
A5: Tabella 1.2.1. Risorse idriche
S6: EQUIVALENTE ENERGETICO DI ALCUNI PRODOTTI COMBUSTIBILI ED ENERGIA (Valori indicativi espressi in TEP primari per unità fisica di prodotto) (da TABELLA A - Circolare M.I.C.A. del 2 marzo 1992 n.219/F e Delibera EEN 3/08)
A7: Tipologia di approvvigionamento | B7: GENNAIO | C7: FEBBRAIO | D7: MARZO | E7: APRILE | F7: MAGGIO | G7: GIUGNO | H7: LUGLIO | I7: AGOSTO | J7: SETTEMBRE | K7: OTTOBRE | L7: NOVEMBRE | M7: DICEMBRE | N7: TOTALE ANNUO | O7: U.M.
O8: UM | R8: Gasolio 1 t | S8: = 1,08 TEP
A9: Acquedotto Fase 2 -molino (bagnatura grano) | B9: 298 | C9: 235 | D9: 260 | E9: 277 | F9: 204 | G9: 156 | H9: 213 | I9: 171 | J9: 286 | K9: 342 | L9: 401 | M9: 298 | N9: =SUM(B9:M9) -> 3141 | O9: m3 | R9: Olio combustibile 1 t | S9: = 0,98 TEP
A10: Acquedotto Fase 8 -servizi | B10: 48 | C10: 128 | D10: 169 | E10: 73 | F10: 43 | G10: 76 | H10: 59 | I10: 47 | J10: 122 | K10: 143 | L10: 101 | M10: 82 | N10: =SUM(B10:M10) -> 1091 | O10: m3 | R10: Gas di petrolio liquefatti (GPL) 1 t | S10: = 1,10 TEP
N11: =SUM(B11:M11) -> 0 | R11: Carbon fossile 1 t | S11: = 0,74 TEP
N12: =SUM(B12:M12) -> 0 | R12: Carbone di legna 1 t | S12: = 0,75 TEP
N13: =SUM(B13:M13) -> 0 | R13: Antracite e prodotti antracinosi 1 t | S13: = 0,70 TEP
N14: =SUM(B14:M14) -> 0 | R14: Legna da ardere 1 t | S14: = 0,45 TEP
N15: =SUM(B15:M15) -> 0 | R15: Lignite 1 t | S15: = 0,25 TEP
N16: =SUM(B16:M16) -> 0 | R16: Gas naturale 1000 Nm3 | S16: = 0,82 TEP
N17: =SUM(B17:M17) -> 0 | R17: 1 kWh | S17: = 0,187 X 10-3
N18: =SUM(B18:M18) -> 0
N19: =SUM(B19:M19) -> 0
N20: =SUM(B20:M20) -> 0
O21: =SUM(N9:N20) -> 4232 | P21: TOTALE
A22: 1.3. Energia
A24: Tabella 1.3.1. Risorse energetiche
A26: Si calcolino i TEP utilizzando i valori riportati nella tabella di destra.
A27: Descrizione | Z27: TOTALE | AA27: data
B28: GENNAIO | D28: FEBBRAIO | F28: MARZO | H28: APRILE | J28: MAGGIO | L28: GIUGNO | N28: LUGLIO | P28: AGOSTO | R28: SETTEMBRE | T28: OTTOBRE | V28: NOVEMBRE | X28: DICEMBRE | Z28: ANNO | AB28: U.M. utilizzata
C29: TEP | E29: TEP | G29: TEP | I29: TEP | K29: TEP | M29: TEP | O29: TEP | Q29: TEP | S29: TEP | T29: data___ | U29: TEP | W29: TEP | Y29: TEP | AA29: TEP
A30: Energia importata da rete esterna | B30: 492531 | C30: =B30*(0.187/1000) -> 92.103297 | D30: 474822 | E30: =D30*(0.187/1000) -> 88.791714 | F30: 515442 | G30: =F30*(0.187/1000) -> 96.387654 | H30: 442517 | I30: =H30*(0.187/1000) -> 82.750679 | J30: 357141 | K30: =J30*(0.187/1000) -> 66.785367 | L30: 295305 | M30: =L30*(0.187/1000) -> 55.222035 | N30: 365195 | O30: =N30*(0.187/1000) -> 68.291465 | P30: 355005 | Q30: =P30*(0.187/1000) -> 66.385935 | R30: 469077 | S30: =R30*(0.187/1000) -> 87.717399 | T30: 551812 | U30: =T30*(0.187/1000) -> 103.18884 | V30: 641132 | W30: =V30*(0.187/1000) -> 119.89168 | X30: 558725 | Y30: =X30*(0.187/1000) -> 104.48157 | Z30: =SUM(X30,V30,T30,R30,P30,N30,L30,J30,H30,F30,D30,B30) -> 5518704 | AA30: =SUM(C30,E30,G30,I30,K30,M30,O30,Q30,S30,U30,W30,Y30) -> 1031.9976 | AB30: Kwh
A31: Produzione energia rinnovabile (pannelli fotovoltaici) | B31: 19626 | C31: =-B31*(0.187/1000) -> -3.670062 | D31: 23344 | E31: =-D31*(0.187/1000) -> -4.365328 | F31: 35862 | G31: =-F31*(0.187/1000) -> -6.706194 | H31: 44109 | I31: =-H31*(0.187/1000) -> -8.248383 | J31: 40114 | K31: =-J31*(0.187/1000) -> -7.501318 | L31: 46041 | M31: =-L31*(0.187/1000) -> -8.609667 | N31: 58455 | O31: =-N31*(0.187/1000) -> -10.931085 | P31: 49464 | Q31: =-P31*(0.187/1000) -> -9.249768 | R31: 31777 | S31: =-R31*(0.187/1000) -> -5.942299 | T31: 20175 | U31: =-T31*(0.187/1000) -> -3.772725 | V31: 24215 | W31: =-V31*(0.187/1000) -> -4.528205 | X31: 17844 | Y31: =-X31*(0.187/1000) -> -3.336828 | Z31: =SUM(X31,V31,T31,R31,P31,N31,L31,J31,H31,F31,D31,B31) -> 411026 | AA31: =SUM(C31,E31,G31,I31,K31,M31,O31,Q31,S31,U31,W31,Y31) -> -76.861862 | AB31: Kwh
Z32: =SUM(X32,V32,T32,R32,P32,N32,L32,J32,H32,F32,D32,B32) -> 0 | AA32: =SUM(C32,E32,G32,I32,K32,M32,O32,Q32,S32,U32,W32,Y32) -> 0
Z33: =SUM(X33,V33,T33,R33,P33,N33,L33,J33,H33,F33,D33,B33) -> 0 | AA33: =SUM(C33,E33,G33,I33,K33,M33,O33,Q33,S33,U33,W33,Y33) -> 0
Z34: =SUM(X34,V34,T34,R34,P34,N34,L34,J34,H34,F34,D34,B34) -> 0 | AA34: =SUM(C34,E34,G34,I34,K34,M34,O34,Q34,S34,U34,W34,Y34) -> 0
Z35: =SUM(X35,V35,T35,R35,P35,N35,L35,J35,H35,F35,D35,B35) -> 0 | AA35: =SUM(C35,E35,G35,I35,K35,M35,O35,Q35,S35,U35,W35,Y35) -> 0
Z36: =SUM(X36,V36,T36,R36,P36,N36,L36,J36,H36,F36,D36,B36) -> 0 | AA36: =SUM(C36,E36,G36,I36,K36,M36,O36,Q36,S36,U36,W36,Y36) -> 0
Z37: =SUM(X37,V37,T37,R37,P37,N37,L37,J37,H37,F37,D37,B37) -> 0 | AA37: =SUM(C37,E37,G37,I37,K37,M37,O37,Q37,S37,U37,W37,Y37) -> 0
Z38: =SUM(X38,V38,T38,R38,P38,N38,L38,J38,H38,F38,D38,B38) -> 0 | AA38: =SUM(C38,E38,G38,I38,K38,M38,O38,Q38,S38,U38,W38,Y38) -> 0
Z39: =SUM(X39,V39,T39,R39,P39,N39,L39,J39,H39,F39,D39,B39) -> 0 | AA39: =SUM(C39,E39,G39,I39,K39,M39,O39,Q39,S39,U39,W39,Y39) -> 0
Z40: =SUM(X40,V40,T40,R40,P40,N40,L40,J40,H40,F40,D40,B40) -> 0 | AA40: =SUM(C40,E40,G40,I40,K40,M40,O40,Q40,S40,U40,W40,Y40) -> 0
Z41: =SUM(X41,V41,T41,R41,P41,N41,L41,J41,H41,F41,D41,B41) -> 0 | AA41: =SUM(C41,E41,G41,I41,K41,M41,O41,Q41,S41,U41,W41,Y41) -> 0
AA42: =SUM(AA30:AA41) -> 955.13579 | AB42: TOTALE TEP/ANNO ENERGIA
A43: 1.4. Combustibili
A45: Tabella 1.4.1. Consumo di combustibili
A47: Si calcolino i TEP utilizzando i valori riportati nella tabella di destra.
A48: Descrizione | B48: PCI (Gj/t)
C49: GENNAIO | E49: FEBBRAIO | G49: MARZO | I49: APRILE | K49: MAGGIO | M49: GIUGNO | O49: LUGLIO | Q49: AGOSTO | S49: SETTEMBRE | U49: OTTOBRE | W49: NOVEMBRE | Y49: DICEMBRE | AA49: ANNO | AC49: U.M. utilizzata
D50: TEP | F50: TEP | H50: TEP | J50: TEP | L50: TEP | N50: TEP | P50: TEP | R50: TEP | T50: TEP | V50: TEP | X50: TEP | Z50: TEP | AB50: TEP
A51: Metano - Caldaia produzione aria calda per fase 2 - molino e fase 6 -servizi | C51: 16644.5 | D51: =((C51/1.056)/1000)*0.82 -> 12.924706 | E51: 14915.8 | F51: =((E51/1.056)/1000)*0.82 -> 11.582345 | G51: 12574.3 | H51: =((G51/1.056)/1000)*0.82 -> 9.7641345 | I51: 6214.7 | J51: =((I51/1.056)/1000)*0.82 -> 4.8258087 | K51: 3647.3 | L51: =((K51/1.056)/1000)*0.82 -> 2.8321837 | M51: 2569.3 | N51: =((M51/1.056)/1000)*0.82 -> 1.9951004 | O51: 3505.9 | P51: =((O51/1.056)/1000)*0.82 -> 2.7223845 | Q51: 3178.8 | R51: =((Q51/1.056)/1000)*0.82 -> 2.4683864 | S51: 4148.3 | T51: =((S51/1.056)/1000)*0.82 -> 3.2212178 | U51: 5974.2 | V51: =((U51/1.056)/1000)*0.82 -> 4.6390568 | W51: 9281.4 | X51: =((W51/1.056)/1000)*0.82 -> 7.2071477 | Y51: 10560.1 | Z51: =((Y51/1.056)/1000)*0.82 -> 8.2000777 | AA51: =SUM(C51,E51,G51,I51,K51,M51,O51,Q51,S51,U51,W51,Y51) -> 93214.6 | AB51: =SUM(D51,F51,H51,J51,L51,N51,P51,R51,T51,V51,X51,Z51) -> 72.382549 | AC51: m3
A52: Metano - n° 2 caldaie per riscaldamento e acqua sanitaria per fase 8-servizi | C52: 4935.739 | D52: =((C52/1.056)/1000)*0.82 -> 3.8326761 | E52: 3272.245 | F52: =((E52/1.056)/1000)*0.82 -> 2.5409478 | G52: 2297.439 | H52: =((G52/1.056)/1000)*0.82 -> 1.7839962 | I52: 1215.646 | J52: =((I52/1.056)/1000)*0.82 -> 0.94396754 | K52: 600.292 | L52: =((K52/1.056)/1000)*0.82 -> 0.46613583 | M52: 291.745 | N52: =((M52/1.056)/1000)*0.82 -> 0.22654441 | O52: 183.654 | P52: =((O52/1.056)/1000)*0.82 -> 0.14261011 | Q52: 280.148 | R52: =((Q52/1.056)/1000)*0.82 -> 0.21753917 | S52: 443.466 | T52: =((S52/1.056)/1000)*0.82 -> 0.34435807 | U52: 1084.976 | V52: =((U52/1.056)/1000)*0.82 -> 0.8425003 | W52: 3179.707 | X52: =((W52/1.056)/1000)*0.82 -> 2.4690907 | Y52: 4147.947 | Z52: =((Y52/1.056)/1000)*0.82 -> 3.2209437 | AA52: =SUM(C52,E52,G52,I52,K52,M52,O52,Q52,S52,U52,W52,Y52) -> 21933.004 | AB52: =SUM(D52,F52,H52,J52,L52,N52,P52,R52,T52,V52,X52,Z52) -> 17.03131 | AC52: m3
A53: Gasolio per autotrazione per fase 4-alimentazione carrelli elevatori | C53: 0.225 | D53: =(C53*0.85)*1.08 -> 0.20655 | E53: 0.185 | F53: =(E53*0.85)*1.08 -> 0.16983 | G53: 0.164 | H53: =(G53*0.85)*1.08 -> 0.150552 | I53: 0.228 | J53: =(I53*0.85)*1.08 -> 0.209304 | K53: 0.203 | L53: =(K53*0.85)*1.08 -> 0.186354 | M53: 0.067 | N53: =(M53*0.85)*1.08 -> 0.061506 | O53: 0.259 | P53: =(O53*0.85)*1.08 -> 0.237762 | Q53: 0.193 | R53: =(Q53*0.85)*1.08 -> 0.177174 | S53: 0.188 | T53: =(S53*0.85)*1.08 -> 0.172584 | U53: 0.299 | V53: =(U53*0.85)*1.08 -> 0.274482 | W53: 0.234 | X53: =(W53*0.85)*1.08 -> 0.214812 | Y53: 0.277 | Z53: =(Y53*0.85)*1.08 -> 0.254286 | AA53: =SUM(C53,E53,G53,I53,K53,M53,O53,Q53,S53,U53,W53,Y53) -> 2.522 | AB53: =SUM(D53,F53,H53,J53,L53,N53,P53,R53,T53,V53,X53,Z53) -> 2.315196 | AC53: m3
AA54: =SUM(C54,E54,G54,I54,K54,M54,O54,Q54,S54,U54,W54,Y54) -> 0 | AB54: =SUM(D54,F54,H54,J54,L54,N54,P54,R54,T54,V54,X54,Z54) -> 0
AA55: =SUM(C55,E55,G55,I55,K55,M55,O55,Q55,S55,U55,W55,Y55) -> 0 | AB55: =SUM(D55,F55,H55,J55,L55,N55,P55,R55,T55,V55,X55,Z55) -> 0
AA56: =SUM(C56,E56,G56,I56,K56,M56,O56,Q56,S56,U56,W56,Y56) -> 0 | AB56: =SUM(D56,F56,H56,J56,L56,N56,P56,R56,T56,V56,X56,Z56) -> 0
AA57: =SUM(C57,E57,G57,I57,K57,M57,O57,Q57,S57,U57,W57,Y57) -> 0 | AB57: =SUM(D57,F57,H57,J57,L57,N57,P57,R57,T57,V57,X57,Z57) -> 0
AA58: =SUM(C58,E58,G58,I58,K58,M58,O58,Q58,S58,U58,W58,Y58) -> 0 | AB58: =SUM(D58,F58,H58,J58,L58,N58,P58,R58,T58,V58,X58,Z58) -> 0
AA59: =SUM(C59,E59,G59,I59,K59,M59,O59,Q59,S59,U59,W59,Y59) -> 0 | AB59: =SUM(D59,F59,H59,J59,L59,N59,P59,R59,T59,V59,X59,Z59) -> 0
AA60: =SUM(C60,E60,G60,I60,K60,M60,O60,Q60,S60,U60,W60,Y60) -> 0 | AB60: =SUM(D60,F60,H60,J60,L60,N60,P60,R60,T60,V60,X60,Z60) -> 0
AA61: =SUM(C61,E61,G61,I61,K61,M61,O61,Q61,S61,U61,W61,Y61) -> 0 | AB61: =SUM(D61,F61,H61,J61,L61,N61,P61,R61,T61,V61,X61,Z61) -> 0
AA62: =SUM(C62,E62,G62,I62,K62,M62,O62,Q62,S62,U62,W62,Y62) -> 0 | AB62: =SUM(D62,F62,H62,J62,L62,N62,P62,R62,T62,V62,X62,Z62) -> 0
AC63: =SUM(AB51:AB62) -> 91.729055 | AD63: TOTALE TEP/ANNO COMBUSTIBILE
A65: TOTALE COMPLESSIVO TEP/ANNO | B65: =SUM(AA42,AC63) -> 1046.8648

Sheet EMISSIONI IN ARIA
A2: 1 - COMPONENTI AMBIENTALI
A4: 1.5. Emissioni in aria
A6: Tabella 1.5.1. Punti di emissione (dati fisici)
A7: Punto di emissione | B7: giorni/anno di funzionamento del camino | C7: ore/giorno di funzionamento del camino
A8: 1 - Prepulitura | B8: 250 | C8: 10
A9: 2 - Lavorazione materiale separato dalla prepulitura | B9: 300 | C9: 7
A10: 3 - Pulitura | B10: 300 | C10: 24
A11: 4 - Pulitura | B11: 300 | C11: 24
A12: 5 - Trasporto pneumatico grano al molino | B12: 300 | C12: 24
A13: 6 - Trasporto pneumatico grano al molino | B13: 300 | C13: 24
A14: 7 - semolatrici | B14: 300 | C14: 24
A15: 8 - essiccazione farine | B15: 300 | C15: 24
A16: 9 - Raffreddamento farine | B16: 300 | C16: 24
A17: 10 - Caldaia produzione vapore | B17: 300 | C17: 24
A18: 11 - Aspirazione silos farina | B18: 300 | C18: 24
A19: 13 - Cubettatrice | B19: 300 | C19: 24
... A23: 18 - Carico rapido cisterna sfarinati | B23: 300 | C23: 10
A24: 19 - Carico rapido cisterna sfarinati
A25: 20 - Carico rapido cisterna sfarinati
A26: 21 - Carico rapido cisterna sfarinati
A29: Tabella 1.5.2. inquinanti monitorati | D29: Analisi del 05/11/2024 RdP n. 2310319-002-003-004-005-006-007-008--009-010-011-012-013-018 | J29: Analisi del 06/11/2024 RdP n. 2310319-014-015-016-017-019
A30: Punto di emissione | B30: Parametri monitorati | C30: Concentrazione limite da normativa o autorizzata in AIA [mg/Nm3] | D30: Portata (Nm3/h) | E30: Flusso di massa | F30: U.M. | G30: Concentrazioine | H30: U.M. | I30: Discostamento % dal valore limite di emissione | J30: Portata (Nm3/h) | K30: Flusso di massa | L30: U.M. | M30: Concentrazioine | N30: U.M. | O30: Discostamento % dal valore limite di emissione
A31: 1 - Prepulitura | B31: Polveri | C31: 5 | D31: 17400 | E31: =($D$31*G31*$B$8*$C$8)/(1000000) -> 41.325 | F31: kg/anno | G31: 0.95 | H31: mg/Nm3 | I31: =(G31/C31)*100 -> 19 | K31: =($J$31*M31*$B$8*$C$8)/(1000000) -> 0 | L31: kg/anno | N31: mg/Nm3 | O31: =(M31/C31)*100 -> 0
E32: =($J$31*G32*$B$8*$C$8)/(1000000) -> 0 | F32: kg/anno | H32: mg/Nm3 | I32: =(G32/#REF!)*100 -> #REF! | K32: =($J$31*M32*$B$8*$C$8)/(1000000) -> 0 | L32: kg/anno | N32: mg/Nm3 | O32: =(M32/C32)*100 -> #DIV/0!
E33: =($J$31*G33*$B$8*$C$8)/(1000000) -> 0 | F33: kg/anno | H33: mg/Nm3 | I33: =(G33/#REF!)*100 -> #REF! | K33: =($J$31*M33*$B$8*$C$8)/(1000000) -> 0 | L33: kg/anno | N33: mg/Nm3 | O33: =(M33/C33)*100 -> #DIV/0!
E34: =($J$31*G34*$B$8*$C$8)/(1000000) -> 0 | F34: kg/anno | H34: mg/Nm3 | I34: =(G34/#REF!)*100 -> #REF! | K34: =($J$31*M34*$B$8*$C$8)/(1000000) -> 0 | L34: kg/anno | N34: mg/Nm3 | O34: =(M34/C34)*100 -> #DIV/0!
E35: =($J$31*G35*$B$8*$C$8)/(1000000) -> 0 | F35: kg/anno | H35: mg/Nm3 | I35: =(G35/#REF!)*100 -> #REF! | K35: =($J$31*M35*$B$8*$C$8)/(1000000) -> 0 | L35: kg/anno | N35: mg/Nm3 | O35: =(M35/C35)*100 -> #DIV/0!
E36: =($J$31*G36*$B$8*$C$8)/(1000000) -> 0 | F36: kg/anno | H36: mg/Nm3 | I36: =(G36/#REF!)*100 -> #REF! | K36: =($J$31*M36*$B$8*$C$8)/(1000000) -> 0 | L36: kg/anno | N36: mg/Nm3 | O36: =(M36/C36)*100 -> #DIV/0!
A37: 2 - Lavorazione materiale separato dalla prepulitura | B37: Polveri | C37: 5 | D37: 2070 | E37: =($D$37*G37*$B$9*$C$9)/(1000000) -> 0.52164 | F37: kg/anno | G37: 0.12 | H37: mg/Nm3 | I37: =(G37/C37)*100 -> 2.4 | K37: =($J$37*M37*$B$9*$C$9)/(1000000) -> 0 | L37: kg/anno | N37: mg/Nm3 | O37: =(M37/C37)*100 -> 0
E38: =($J$37*G38*$B$8*$C$8)/(1000000) -> 0 | F38: kg/anno | H38: mg/Nm3 | I38: =(G38/#REF!)*100 -> #REF! | K38: =($J$37*M38*$B$8*$C$8)/(1000000) -> 0 | L38: kg/anno | N38: mg/Nm3 | O38: =(M38/C38)*100 -> #DIV/0!
E39: =($J$37*G39*$B$8*$C$8)/(1000000) -> 0 | F39: kg/anno | H39: mg/Nm3 | I39: =(G39/#REF!)*100 -> #REF! | K39: =($J$37*M39*$B$8*$C$8)/(1000000) -> 0 | L39: kg/anno | N39: mg/Nm3 | O39: =(M39/C39)*100 -> #DIV/0!
E40: =($J$37*G40*$B$8*$C$8)/(1000000) -> 0 | F40: kg/anno | H40: mg/Nm3 | I40: =(G40/#REF!)*100 -> #REF! | K40: =($J$37*M40*$B$8*$C$8)/(1000000) -> 0 | L40: kg/anno | N40: mg/Nm3 | O40: =(M40/C40)*100 -> #DIV/0!
E41: =($J$37*G41*$B$8*$C$8)/(1000000) -> 0 | F41: kg/anno | H41: mg/Nm3 | I41: =(G41/#REF!)*100 -> #REF! | K41: =($J$37*M41*$B$8*$C$8)/(1000000) -> 0 | L41: kg/anno | N41: mg/Nm3 | O41: =(M41/C41)*100 -> #DIV/0!
E42: =($J$37*G42*$B$8*$C$8)/(1000000) -> 0 | F42: kg/anno | H42: mg/Nm3 | I42: =(G42/#REF!)*100 -> #REF! | K42: =($J$37*M42*$B$8*$C$8)/(1000000) -> 0 | L42: kg/anno | N42: mg/Nm3 | O42: =(M42/C42)*100 -> #DIV/0!
A43: 3 - Pulitura | B43: Polveri | C43: 5 | D43: 24200 | E43: =($D$43*G43*$B$10*$C$10)/(1000000) -> 116.7408 | F43: kg/anno | G43: 0.67 | H43: mg/Nm3 | I43: =(G43/C43)*100 -> 13.4 | K43: =($J$43*M43*$B$10*$C$10)/(1000000) -> 0 | L43: kg/anno | N43: mg/Nm3 | O43: =(M43/C43)*100 -> 0
E44: =($J$37*G44*$B$8*$C$8)/(1000000) -> 0 | F44: kg/anno | H44: mg/Nm3 | I44: =(G44/#REF!)*100 -> #REF! | K44: =($J$37*M44*$B$8*$C$8)/(1000000) -> 0 | L44: kg/anno | N44: mg/Nm3 | O44: =(M44/C44)*100 -> #DIV/0!
E45: =($J$37*G45*$B$8*$C$8)/(1000000) -> 0 | F45: kg/anno | H45: mg/Nm3 | I45: =(G45/#REF!)*100 -> #REF! | K45: =($J$37*M45*$B$8*$C$8)/(1000000) -> 0 | L45: kg/anno | N45: mg/Nm3 | O45: =(M45/C45)*100 -> #DIV/0!
E46: =($J$37*G46*$B$8*$C$8)/(1000000) -> 0 | F46: kg/anno | H46: mg/Nm3 | I46: =(G46/#REF!)*100 -> #REF! | K46: =($J$37*M46*$B$8*$C$8)/(1000000) -> 0 | L46: kg/anno | N46: mg/Nm3 | O46: =(M46/C46)*100 -> #DIV/0!
E47: =($J$37*G47*$B$8*$C$8)/(1000000) -> 0 | F47: kg/anno | H47: mg/Nm3 | I47: =(G47/#REF!)*100 -> #REF! | K47: =($J$37*M47*$B$8*$C$8)/(1000000) -> 0 | L47: kg/anno | N47: mg/Nm3 | O47: =(M47/C47)*100 -> #DIV/0!
E48: =($J$37*G48*$B$8*$C$8)/(1000000) -> 0 | F48: kg/anno | H48: mg/Nm3 | I48: =(G48/#REF!)*100 -> #REF! | K48: =($J$37*M48*$B$8*$C$8)/(1000000) -> 0 | L48: kg/anno | N48: mg/Nm3 | O48: =(M48/C48)*100 -> #DIV/0!
A49: 4 - Pulitura | B49: Polveri | C49: 5 | D49: 22300 | E49: =($D$49*G49*$B$11*$C$11)/(1000000) -> 22.4784 | F49: kg/anno | G49: 0.14 | H49: mg/Nm3 | I49: =(G49/C49)*100 -> 2.8 | K49: =($J$49*M49*$B$11*$C$11)/(1000000) -> 0 | L49: kg/anno | N49: mg/Nm3 | O49: =(M49/C49)*100 -> 0
E50: =($J$37*G50*$B$8*$C$8)/(1000000) -> 0 | F50: kg/anno | H50: mg/Nm3 | I50: =(G50/#REF!)*100 -> #REF! | K50: =($J$37*M50*$B$8*$C$8)/(1000000) -> 0 | L50: kg/anno | N50: mg/Nm3 | O50: =(M50/C50)*100 -> #DIV/0!
E51: =($J$37*G51*$B$8*$C$8)/(1000000) -> 0 | F51: kg/anno | H51: mg/Nm3 | I51: =(G51/#REF!)*100 -> #REF! | K51: =($J$37*M51*$B$8*$C$8)/(1000000) -> 0 | L51: kg/anno | N51: mg/Nm3 | O51: =(M51/C51)*100 -> #DIV/0!
E52: =($J$37*G52*$B$8*$C$8)/(1000000) -> 0 | F52: kg/anno | H52: mg/Nm3 | I52: =(G52/#REF!)*100 -> #REF! | K52: =($J$37*M52*$B$8*$C$8)/(1000000) -> 0 | L52: kg/anno | N52: mg/Nm3 | O52: =(M52/C52)*100 -> #DIV/0!
E53: =($J$37*G53*$B$8*$C$8)/(1000000) -> 0 | F53: kg/anno | H53: mg/Nm3 | I53: =(G53/#REF!)*100 -> #REF! | K53: =($J$37*M53*$B$8*$C$8)/(1000000) -> 0 | L53: kg/anno | N53: mg/Nm3 | O53: =(M53/C53)*100 -> #DIV/0!
E54: =($J$37*G54*$B$8*$C$8)/(1000000) -> 0 | F54: kg/anno | H54: mg/Nm3 | I54: =(G54/#REF!)*100 -> #REF! | K54: =($J$37*M54*$B$8*$C$8)/(1000000) -> 0 | L54: kg/anno | N54: mg/Nm3 | O54: =(M54/C54)*100 -> #DIV/0!
A55: 5 - Trasporto pneumatico grano al molino | B55: Polveri | C55: 5 | D55: 15500 | E55: =($D$55*G55*$B$12*$C$12)/(1000000) -> 14.508 | F55: kg/anno | G55: 0.13 | H55: mg/Nm3 | I55: =(G55/C55)*100 -> 2.6 | K55: =($J$55*M55*$B$12*$C$12)/(1000000) -> 0 | L55: kg/anno | N55: mg/Nm3 | O55: =(M55/C55)*100 -> 0
E56: =($J$37*G56*$B$8*$C$8)/(1000000) -> 0 | F56: kg/anno | H56: mg/Nm3 | I56: =(G56/#REF!)*100 -> #REF! | K56: =($J$37*M56*$B$8*$C$8)/(1000000) -> 0 | L56: kg/anno | N56: mg/Nm3 | O56: =(M56/C56)*100 -> #DIV/0!
E57: =($J$37*G57*$B$8*$C$8)/(1000000) -> 0 | F57: kg/anno | H57: mg/Nm3 | I57: =(G57/#REF!)*100 -> #REF! | K57: =($J$37*M57*$B$8*$C$8)/(1000000) -> 0 | L57: kg/anno | N57: mg/Nm3 | O57: =(M57/C57)*100 -> #DIV/0!
E58: =($J$37*G58*$B$8*$C$8)/(1000000) -> 0 | F58: kg/anno | H58: mg/Nm3 | I58: =(G58/#REF!)*100 -> #REF! | K58: =($J$37*M58*$B$8*$C$8)/(1000000) -> 0 | L58: kg/anno | N58: mg/Nm3 | O58: =(M58/C58)*100 -> #DIV/0!
E59: =($J$37*G59*$B$8*$C$8)/(1000000) -> 0 | F59: kg/anno | H59: mg/Nm3 | I59: =(G59/#REF!)*100 -> #REF! | K59: =($J$37*M59*$B$8*$C$8)/(1000000) -> 0 | L59: kg/anno | N59: mg/Nm3 | O59: =(M59/C59)*100 -> #DIV/0!
E60: =($J$37*G60*$B$8*$C$8)/(1000000) -> 0 | F60: kg/anno | H60: mg/Nm3 | I60: =(G60/#REF!)*100 -> #REF! | K60: =($J$37*M60*$B$8*$C$8)/(1000000) -> 0 | L60: kg/anno | N60: mg/Nm3 | O60: =(M60/C60)*100 -> #DIV/0!
A61: 6 - Trasporto pneumatico grano al molino | B61: Polveri | C61: 5 | D61: 17300 | E61: =($D$61*G61*$B$13*$C$13)/(1000000) -> 17.4384 | F61: kg/anno | G61: 0.14 | H61: mg/Nm3 | I61: =(G61/C61)*100 -> 2.8 | K61: =($J$61*M61*$B$13*$C$13)/(1000000) -> 0 | L61: kg/anno | N61: mg/Nm3 | O61: =(M61/C61)*100 -> 0
E62: =($J$37*G62*$B$8*$C$8)/(1000000) -> 0 | F62: kg/anno | H62: mg/Nm3 | I62: =(G62/#REF!)*100 -> #REF! | K62: =($J$37*M62*$B$8*$C$8)/(1000000) -> 0 | L62: kg/anno | N62: mg/Nm3 | O62: =(M62/C62)*100 -> #DIV/0!
E63: =($J$37*G63*$B$8*$C$8)/(1000000) -> 0 | F63: kg/anno | H63: mg/Nm3 | I63: =(G63/#REF!)*100 -> #REF! | K63: =($J$37*M63*$B$8*$C$8)/(1000000) -> 0 | L63: kg/anno | N63: mg/Nm3 | O63: =(M63/C63)*100 -> #DIV/0!
E64: =($J$37*G64*$B$8*$C$8)/(1000000) -> 0 | F64: kg/anno | H64: mg/Nm3 | I64: =(G64/#REF!)*100 -> #REF! | K64: =($J$37*M64*$B$8*$C$8)/(1000000) -> 0 | L64: kg/anno | N64: mg/Nm3 | O64: =(M64/C64)*100 -> #DIV/0!
E65: =($J$37*G65*$B$8*$C$8)/(1000000) -> 0 | F65: kg/anno | H65: mg/Nm3 | I65: =(G65/#REF!)*100 -> #REF! | K65: =($J$37*M65*$B$8*$C$8)/(1000000) -> 0 | L65: kg/anno | N65: mg/Nm3 | O65: =(M65/C65)*100 -> #DIV/0!
E66: =($J$37*G66*$B$8*$C$8)/(1000000) -> 0 | F66: kg/anno | H66: mg/Nm3 | I66: =(G66/#REF!)*100 -> #REF! | K66: =($J$37*M66*$B$8*$C$8)/(1000000) -> 0 | L66: kg/anno | N66: mg/Nm3 | O66: =(M66/C66)*100 -> #DIV/0!
A67: 7 - Semolatrici | B67: Polveri | C67: 5 | D67: 31800 | E67: =($D$67*G67*$B$14*$C$14)/(1000000) -> 22.896 | F67: kg/anno | G67: 0.1 | H67: mg/Nm3 | I67: =(G67/C67)*100 -> 2 | K67: =($J$67*M67*$B$14*$C$14)/(1000000) -> 0 | L67: kg/anno | N67: mg/Nm3 | O67: =(M67/C67)*100 -> 0
E68: =($J$37*G68*$B$8*$C$8)/(1000000) -> 0 | F68: kg/anno | H68: mg/Nm3 | I68: =(G68/#REF!)*100 -> #REF! | K68: =($J$37*M68*$B$8*$C$8)/(1000000) -> 0 | L68: kg/anno | N68: mg/Nm3 | O68: =(M68/C68)*100 -> #DIV/0!
E69: =($J$37*G69*$B$8*$C$8)/(1000000) -> 0 | F69: kg/anno | H69: mg/Nm3 | I69: =(G69/#REF!)*100 -> #REF! | K69: =($J$37*M69*$B$8*$C$8)/(1000000) -> 0 | L69: kg/anno | N69: mg/Nm3 | O69: =(M69/C69)*100 -> #DIV/0!
E70: =($J$37*G70*$B$8*$C$8)/(1000000) -> 0 | F70: kg/anno | H70: mg/Nm3 | I70: =(G70/#REF!)*100 -> #REF! | K70: =($J$37*M70*$B$8*$C$8)/(1000000) -> 0 | L70: kg/anno | N70: mg/Nm3 | O70: =(M70/C70)*100 -> #DIV/0!
E71: =($J$37*G71*$B$8*$C$8)/(1000000) -> 0 | F71: kg/anno | H71: mg/Nm3 | I71: =(G71/#REF!)*100 -> #REF! | K71: =($J$37*M71*$B$8*$C$8)/(1000000) -> 0 | L71: kg/anno | N71: mg/Nm3 | O71: =(M71/C71)*100 -> #DIV/0!
E72: =($J$37*G72*$B$8*$C$8)/(1000000) -> 0 | F72: kg/anno | H72: mg/Nm3 | I72: =(G72/#REF!)*100 -> #REF! | K72: =($J$37*M72*$B$8*$C$8)/(1000000) -> 0 | L72: kg/anno | N72: mg/Nm3 | O72: =(M72/C72)*100 -> #DIV/0!
A73: 8 - essiccazione farine | B73: Polveri | C73: 5 | D73: 8730 | E73: =($D$73*G73*$B$15*$C$15)/(1000000) -> 6.2856 | F73: kg/anno | G73: 0.1 | H73: mg/Nm3 | I73: =(G73/C73)*100 -> 2 | K73: =($J$73*M73*$B$15*$C$15)/(1000000) -> 0 | L73: kg/anno | N73: mg/Nm3 | O73: =(M73/C73)*100 -> 0
E74: =($J$37*G74*$B$8*$C$8)/(1000000) -> 0 | F74: kg/anno | H74: mg/Nm3 | I74: =(G74/#REF!)*100 -> #REF! | K74: =($J$37*M74*$B$8*$C$8)/(1000000) -> 0 | L74: kg/anno | N74: mg/Nm3 | O74: =(M74/C74)*100 -> #DIV/0!
E75: =($J$37*G75*$B$8*$C$8)/(1000000) -> 0 | F75: kg/anno | H75: mg/Nm3 | I75: =(G75/#REF!)*100 -> #REF! | K75: =($J$37*M75*$B$8*$C$8)/(1000000) -> 0 | L75: kg/anno | N75: mg/Nm3 | O75: =(M75/C75)*100 -> #DIV/0!
E76: =($J$37*G76*$B$8*$C$8)/(1000000) -> 0 | F76: kg/anno | H76: mg/Nm3 | I76: =(G76/#REF!)*100 -> #REF! | K76: =($J$37*M76*$B$8*$C$8)/(1000000) -> 0 | L76: kg/anno | N76: mg/Nm3 | O76: =(M76/C76)*100 -> #DIV/0!
E77: =($J$37*G77*$B$8*$C$8)/(1000000) -> 0 | F77: kg/anno | H77: mg/Nm3 | I77: =(G77/#REF!)*100 -> #REF! | K77: =($J$37*M77*$B$8*$C$8)/(1000000) -> 0 | L77: kg/anno | N77: mg/Nm3 | O77: =(M77/C77)*100 -> #DIV/0!
E78: =($J$37*G78*$B$8*$C$8)/(1000000) -> 0 | F78: kg/anno | H78: mg/Nm3 | I78: =(G78/#REF!)*100 -> #REF! | K78: =($J$37*M78*$B$8*$C$8)/(1000000) -> 0 | L78: kg/anno | N78: mg/Nm3 | O78: =(M78/C78)*100 -> #DIV/0!
A79: 9 - Raffreddamento farine | B79: Polveri | C79: 5 | D79: 9430 | E79: =($D$79*G79*$B$16*$C$16)/(1000000) -> 7.46856 | F79: kg/anno | G79: 0.11 | H79: mg/Nm3 | I79: =(G79/C79)*100 -> 2.2 | K79: =($J$79*M79*$B$16*$C$16)/(1000000) -> 0 | L79: kg/anno | N79: mg/Nm3 | O79: =(M79/C79)*100 -> 0
E80: =($J$37*G80*$B$8*$C$8)/(1000000) -> 0 | F80: kg/anno | H80: mg/Nm3 | I80: =(G80/#REF!)*100 -> #REF! | K80: =($J$37*M80*$B$8*$C$8)/(1000000) -> 0 | L80: kg/anno | N80: mg/Nm3 | O80: =(M80/C80)*100 -> #DIV/0!
E81: =($J$37*G81*$B$8*$C$8)/(1000000) -> 0 | F81: kg/anno | H81: mg/Nm3 | I81: =(G81/#REF!)*100 -> #REF! | K81: =($J$37*M81*$B$8*$C$8)/(1000000) -> 0 | L81: kg/anno | N81: mg/Nm3 | O81: =(M81/C81)*100 -> #DIV/0!
E82: =($J$37*G82*$B$8*$C$8)/(1000000) -> 0 | F82: kg/anno | H82: mg/Nm3 | I82: =(G82/#REF!)*100 -> #REF! | K82: =($J$37*M82*$B$8*$C$8)/(1000000) -> 0 | L82: kg/anno | N82: mg/Nm3 | O82: =(M82/C82)*100 -> #DIV/0!
E83: =($J$37*G83*$B$8*$C$8)/(1000000) -> 0 | F83: kg/anno | H83: mg/Nm3 | I83: =(G83/#REF!)*100 -> #REF! | K83: =($J$37*M83*$B$8*$C$8)/(1000000) -> 0 | L83: kg/anno | N83: mg/Nm3 | O83: =(M83/C83)*100 -> #DIV/0!
E84: =($J$37*G84*$B$8*$C$8)/(1000000) -> 0 | F84: kg/anno | H84: mg/Nm3 | I84: =(G84/#REF!)*100 -> #REF! | K84: =($J$37*M84*$B$8*$C$8)/(1000000) -> 0 | L84: kg/anno | N84: mg/Nm3 | O84: =(M84/C84)*100 -> #DIV/0!
A85: 10 - Caldaia produzione vapore | B85: NOX | C85: 250 | D85: 1380 | E85: =($D$85*G85*$B17*$C$17)/(1000000) -> 625.968 | F85: kg/anno | G85: 63 | H85: mg/Nm3 | I85: =(G85/C85)*100 -> 25.2 | K85: =($J$85*M85*$B$17*$C$17)/(1000000) -> 0 | L85: kg/anno | N85: mg/Nm3 | O85: =(M85/C85)*100 -> 0
B86: CO | E86: =($J$37*G86*$B$8*$C$8)/(1000000) -> 0 | F86: kg/anno | G86: 4.87 | H86: mg/Nm3 | I86: =(G86/C86)*100 -> #DIV/0! | K86: =($J$37*M86*$B$8*$C$8)/(1000000) -> 0 | L86: kg/anno | N86: mg/Nm3 | O86: =(M86/C86)*100 -> #DIV/0!
E87: =($J$37*G87*$B$8*$C$8)/(1000000) -> 0 | F87: kg/anno | H87: mg/Nm3 | I87: =(G87/#REF!)*100 -> #REF! | K87: =($J$37*M87*$B$8*$C$8)/(1000000) -> 0 | L87: kg/anno | N87: mg/Nm3 | O87: =(M87/C87)*100 -> #DIV/0!
E88: =($J$37*G88*$B$8*$C$8)/(1000000) -> 0 | F88: kg/anno | H88: mg/Nm3 | I88: =(G88/#REF!)*100 -> #REF! | K88: =($J$37*M88*$B$8*$C$8)/(1000000) -> 0 | L88: kg/anno | N88: mg/Nm3 | O88: =(M88/C88)*100 -> #DIV/0!
E89: =($J$37*G89*$B$8*$C$8)/(1000000) -> 0 | F89: kg/anno | H89: mg/Nm3 | I89: =(G89/#REF!)*100 -> #REF! | K89: =($J$37*M89*$B$8*$C$8)/(1000000) -> 0 | L89: kg/anno | N89: mg/Nm3 | O89: =(M89/C89)*100 -> #DIV/0!
E90: =($J$37*G90*$B$8*$C$8)/(1000000) -> 0 | F90: kg/anno | H90: mg/Nm3 | I90: =(G90/#REF!)*100 -> #REF! | K90: =($J$37*M90*$B$8*$C$8)/(1000000) -> 0 | L90: kg/anno | N90: mg/Nm3 | O90: =(M90/C90)*100 -> #DIV/0!
A91: 11 - Aspirazione silos farina | B91: Polveri | C91: 5 | D91: 13600 | E91: =($D$91*G91*$B$18*$C$18)/(1000000) -> 19.584 | F91: kg/anno | G91: 0.2 | H91: mg/Nm3 | I91: =(G91/C91)*100 -> 4 | K91: =($J$91*M91*$B$18*$C$18)/(1000000) -> 0 | L91: kg/anno | N91: mg/Nm3 | O91: =(M91/C91)*100 -> 0
E92: =($J$37*G92*$B$8*$C$8)/(1000000) -> 0 | F92: kg/anno | H92: mg/Nm3 | I92: =(G92/#REF!)*100 -> #REF! | K92: =($J$37*M92*$B$8*$C$8)/(1000000) -> 0 | L92: kg/anno | N92: mg/Nm3 | O92: =(M92/C92)*100 -> #DIV/0!
E93: =($J$37*G93*$B$8*$C$8)/(1000000) -> 0 | F93: kg/anno | H93: mg/Nm3 | I93: =(G93/#REF!)*100 -> #REF! | K93: =($J$37*M93*$B$8*$C$8)/(1000000) -> 0 | L93: kg/anno | N93: mg/Nm3 | O93: =(M93/C93)*100 -> #DIV/0!
E94: =($J$37*G94*$B$8*$C$8)/(1000000) -> 0 | F94: kg/anno | H94: mg/Nm3 | I94: =(G94/#REF!)*100 -> #REF! | K94: =($J$37*M94*$B$8*$C$8)/(1000000) -> 0 | L94: kg/anno | N94: mg/Nm3 | O94: =(M94/C94)*100 -> #DIV/0!
E95: =($J$37*G95*$B$8*$C$8)/(1000000) -> 0 | F95: kg/anno | H95: mg/Nm3 | I95: =(G95/#REF!)*100 -> #REF! | K95: =($J$37*M95*$B$8*$C$8)/(1000000) -> 0 | L95: kg/anno | N95: mg/Nm3 | O95: =(M95/C95)*100 -> #DIV/0!
E96: =($J$37*G96*$B$8*$C$8)/(1000000) -> 0 | F96: kg/anno | H96: mg/Nm3 | I96: =(G96/#REF!)*100 -> #REF! | K96: =($J$37*M96*$B$8*$C$8)/(1000000) -> 0 | L96: kg/anno | N96: mg/Nm3 | O96: =(M96/C96)*100 -> #DIV/0!
A97: 13 - Cubettatrice | B97: Polveri | C97: 5 | D97: 13100 | E97: =($D$97*G97*$B$19*$C$19)/(1000000) -> 20.46744 | F97: kg/anno | G97: 0.217 | H97: mg/Nm3 | I97: =(G97/C97)*100 -> 4.34 | K97: =($J$97*M97*$B$19*$C$19)/(1000000) -> 0 | L97: kg/anno | N97: mg/Nm3 | O97: =(M97/C97)*100 -> 0
E98: =($J$37*G98*$B$8*$C$8)/(1000000) -> 0 | F98: kg/anno | H98: mg/Nm3 | I98: =(G98/#REF!)*100 -> #REF! | K98: =($J$37*M98*$B$8*$C$8)/(1000000) -> 0 | L98: kg/anno | N98: mg/Nm3 | O98: =(M98/C98)*100 -> #DIV/0!
E99: =($J$37*G99*$B$8*$C$8)/(1000000) -> 0 | F99: kg/anno | H99: mg/Nm3 | I99: =(G99/#REF!)*100 -> #REF! | K99: =($J$37*M99*$B$8*$C$8)/(1000000) -> 0 | L99: kg/anno | N99: mg/Nm3 | O99: =(M99/C99)*100 -> #DIV/0!
E100: =($J$37*G100*$B$8*$C$8)/(1000000) -> 0 | F100: kg/anno | H100: mg/Nm3 | I100: =(G100/#REF!)*100 -> #REF! | K100: =($J$37*M100*$B$8*$C$8)/(1000000) -> 0 | L100: kg/anno | N100: mg/Nm3 | O100: =(M100/C100)*100 -> #DIV/0!
E101: =($J$37*G101*$B$8*$C$8)/(1000000) -> 0 | F101: kg/anno | H101: mg/Nm3 | I101: =(G101/#REF!)*100 -> #REF! | K101: =($J$37*M101*$B$8*$C$8)/(1000000) -> 0 | L101: kg/anno | N101: mg/Nm3 | O101: =(M101/C101)*100 -> #DIV/0!
E102: =($J$37*G102*$B$8*$C$8)/(1000000) -> 0 | F102: kg/anno | H102: mg/Nm3 | I102: =(G102/#REF!)*100 -> #REF! | K102: =($J$37*M102*$B$8*$C$8)/(1000000) -> 0 | L102: kg/anno | N102: mg/Nm3 | O102: =(M102/C102)*100 -> #DIV/0!
A103: 14 - Aspirazione fossa scarico grano | B103: Polveri | C103: 5 | D103: 18500 | E103: =($D$103*G103*$B$20*$C$20)/(1000000) -> 5.0875 | F103: kg/anno | G103: 0.11 | H103: mg/Nm3 | I103: =(G103/C103)*100 -> 2.2 | K103: =($J$103*M103*$B$20*$C$20)/(1000000) -> 0 | L103: kg/anno | N103: mg/Nm3 | O103: =(M103/C103)*100 -> 0
E104: =($J$37*G104*$B$8*$C$8)/(1000000) -> 0 | F104: kg/anno | H104: mg/Nm3 | I104: =(G104/#REF!)*100 -> #REF! | K104: =($J$37*M104*$B$8*$C$8)/(1000000) -> 0 | L104: kg/anno | N104: mg/Nm3 | O104: =(M104/C104)*100 -> #DIV/0!
E105: =($J$37*G105*$B$8*$C$8)/(1000000) -> 0 | F105: kg/anno | H105: mg/Nm3 | I105: =(G105/#REF!)*100 -> #REF! | K105: =($J$37*M105*$B$8*$C$8)/(1000000) -> 0 | L105: kg/anno | N105: mg/Nm3 | O105: =(M105/C105)*100 -> #DIV/0!
E106: =($J$37*G106*$B$8*$C$8)/(1000000) -> 0 | F106: kg/anno | H106: mg/Nm3 | I106: =(G106/#REF!)*100 -> #REF! | K106: =($J$37*M106*$B$8*$C$8)/(1000000) -> 0 | L106: kg/anno | N106: mg/Nm3 | O106: =(M106/C106)*100 -> #DIV/0!
E107: =($J$37*G107*$B$8*$C$8)/(1000000) -> 0 | F107: kg/anno | H107: mg/Nm3 | I107: =(G107/#REF!)*100 -> #REF! | K107: =($J$37*M107*$B$8*$C$8)/(1000000) -> 0 | L107: kg/anno | N107: mg/Nm3 | O107: =(M107/C107)*100 -> #DIV/0!
E108: =($J$37*G108*$B$8*$C$8)/(1000000) -> 0 | F108: kg/anno | H108: mg/Nm3 | I108: =(G108/#REF!)*100 -> #REF! | K108: =($J$37*M108*$B$8*$C$8)/(1000000) -> 0 | L108: kg/anno | N108: mg/Nm3 | O108: =(M108/C108)*100 -> #DIV/0!
...

Sheet EMISSIONI IN ACQUA
A2: 1 - COMPONENTI AMBIENTALI
A4: 1.6. Emissioni in acqua
A6: Tabella 1.6.1. Punti di emissione
A7: Punto di emissione | B7: Durata emissione h/giorno | C7: Durata emissione gg/anno
A8: SF1 - Fase F8 servizi igienici spogliatoi | B8: variabile | C8: 365
A9: SF2 - Acque meteoriche | B9: variabile | C9: variabile
A12: Tabella 1.6.2. Inquinanti monitorati | D12: Analisi del 26/03/2024 RdP n. 24/000213869 DEL 15/04/2024 | J12: Analisi del 16/10/024 RdP n. 24/000655853 DEL 04/11/2024
A13: Punto emissione | B13: Inquinanti | C13: Concentrazione limite da normantiva o autorizzata in AIA | D13: Portata (m3/d) | E13: Carico | F13: U.M. | G13: Concentrazione | H13: U.M. | I13: Discostamento % dal valore limite di emissione | J13: Portata (m3/d) | K13: Carico | L13: U.M. | M13: Concentrazione | N13: U.M. | O13: Discostamento % dal valore limite di emissione
A14: SF2 - Acque meteoriche | B14: Ph | C14: 5,5-9,5 | E14: =($D$14*G14/1000000000) -> #VALUE! | F14: [kg/d] | G14: 7,10+-0,08 | I14: =(G14/$C14)*100 -> #VALUE! | K14: =($J$14*M14/1000000000) -> #VALUE! | L14: [kg/d] | M14: 6,84+-0,08 | O14: =(M14/$C14)*100 -> #VALUE!
B15: Idrocarburi Totali | C15: <= 5 | E15: =($D$14*G15/1000000000) -> #VALUE! | F15: [kg/d] | G15: <RL | H15: mg/l | I15: =(G15/$C15)*100 -> #VALUE! | K15: =($J$14*M15/1000000000) -> #VALUE! | L15: [kg/d] | M15: <RL | N15: mg/l | O15: =(M15/$C15)*100 -> #VALUE!
B16: SST | C16: <= 80 | E16: =($D$14*G16/1000000000) -> #VALUE! | F16: [kg/d] | G16: <RL | H16: mg/l | I16: =(G16/$C16)*100 -> #VALUE! | K16: =($J$14*M16/1000000000) -> #VALUE! | L16: [kg/d] | M16: <RL | N16: mg/l | O16: =(M16/$C16)*100 -> #VALUE!
B17: COD | C17: <= 160 | E17: =($D$14*G17/1000000000) -> #VALUE! | F17: [kg/d] | G17: 32,8+-2,8 | H17: mg/l | I17: =(G17/$C17)*100 -> #VALUE! | K17: =($J$14*M17/1000000000) -> #VALUE! | L17: [kg/d] | M17: 34,2+-2,9 | N17: mg/l | O17: =(M17/$C17)*100 -> #VALUE!
B18: BOD 5 | C18: <= 40 | E18: =($D$14*G18/1000000000) -> #VALUE! | F18: [kg/d] | G18: 8,0+-3,4 | H18: mg/l | I18: =(G18/$C18)*100 -> #VALUE! | K18: =($J$14*M18/1000000000) -> #VALUE! | L18: [kg/d] | M18: 7,0+-3,4 | N18: mg/l | O18: =(M18/$C18)*100 -> #VALUE!
E19: =($D$14*G19/1000000000) -> 0 | F19: [kg/d] | I19: =(G19/$C19)*100 -> #DIV/0! | K19: =($J$14*M19/1000000000) -> 0 | L19: [kg/d] | N19: mg/l | O19: =(M19/$C19)*100 -> #DIV/0!

Sheet RUMORE
A1: 1 - COMPONENTI AMBIENTALI
A3: 1.7. Impatto acustico
A5: E' previsto il monitoraggio dellimpatto acustico nel PMC? (SI/NO) | D5: SI
A6: Se SI, è stato eseguito il monitoraggio durante l'anno di riferimento (SI/NO)? | D6: SI
A8: Tabella 1.7.1. Rumore
A9: Valutazione n. | B9: Condizioni di funzionamento degli impianti | C9: Parametro valutato | D9: Valore riscontrato | E9: UM | F9: Note (*)
A10: 1D | B10: nornale | C10: La | D10: 42.5 | E10: db (A)
A11: 2D | B11: nornale | C11: La | D11: 45 | E11: db (A)
A12: 3D | B12: nornale | C12: La | D12: 38 | E12: db (A)
A13: 4D | B13: nornale | C13: La | D13: 41 | E13: db (A)
A14: 1N | B14: nornale | C14: La | D14: 40.5 | E14: db (A)
A15: 2N | B15: nornale | C15: La | D15: 42.5 | E15: db (A)
A16: 3N | B16: nornale | C16: La | D16: 39 | E16: db (A)
A17: 4N | B17: nornale | C17: La | D17: 37 | E17: db (A)
A19: (*) nel caso in cui le misure non siano presso il ricettore indicare l’algoritmo utilizzato per risalire dalla misura al livello sonoro presso il ricettore.

Sheet RIFIUTI
A2: 1 - COMPONENTI AMBIENTALI
A4: 1.8 - Rifiuti
A6: Tabella 1.8.1 - Rifiuti in ingresso
A7: E' prevista l'utilizzo di rifiuti nel ciclo produttivo? (SI/NO) | D7: NO
A9: Rifiuti | B9: Codice CER | C9: Recupero (codice) | R9: U.M.
D10: GENNAIO | E10: FEBBRAIO | F10: MARZO | G10: APRILE | H10: APRILE | I10: MAGGIO | J10: GIUGNO | K10: LUGLIO | L10: AGOSTO | M10: SETTEMBRE | N10: OTTOBRE | O10: NOVEMBRE | P10: DICEMBRE | Q10: TOTALE ANNO
A11: / | B11: / | C11: / | Q11: =SUM(D11:P11) -> 0
A12: / | B12: / | C12: / | Q12: =SUM(D12:P12) -> 0
A13: / | B13: / | C13: / | Q13: =SUM(D13:P13) -> 0
A14: / | B14: / | C14: / | Q14: =SUM(D14:P14) -> 0
A15: / | B15: / | C15: / | Q15: =SUM(D15:P15) -> 0
A16: / | B16: / | C16: / | Q16: =SUM(D16:P16) -> 0
A17: / | B17: / | C17: / | Q17: =SUM(D17:P17) -> 0
Q18: =SUM(Q11:Q17) -> 0
A19: Tabella 1.8.2 - Rifiuti prodotti
A20: Rifiuti prodotti | B20: Codice CER | C20: Smaltimento (codice) | D20: Recupero (codice) | S20: U.M.
E21: GENNAIO | F21: FEBBRAIO | G21: MARZO | H21: MARZO | I21: APRILE | J21: MAGGIO | K21: GIUGNO | L21: LUGLIO | M21: AGOSTO | N21: SETTEMBRE | O21: OTTOBRE | P21: NOVEMBRE | Q21: DICEMBRE | R21: TOTALE ANNO
A22: Scarti inutilizzabili per il consumo o la trasformazione | B22: 020304 | D22: R13 | E22: 0.2 | F22: 0.4 | H22: 0.2 | I22: 0.3 | J22: 0.5 | L22: 13.9 | M22: 1.1 | N22: 0.2 | O22: 0.2 | P22: 0.2 | Q22: 2 | R22: =SUM(E22:Q22) -> 19.2 | S22: t
A23: Acido cloridrico | B23: 060102* | C23: D14 | R23: =SUM(E23:Q23) -> 0 | S23: t
A24: Soluzioni acquose di lavaggio ed acque madri | B24: 070101* | C24: D15 | H24: 0.005 | P24: 0.016 | R24: =SUM(E24:Q24) -> 0.021 | S24: t
A25: Toner esauriti | B25: 080318 | D25: R13 | E25: 0.03 | F25: 0.025 | H25: 0.03 | I25: 0.03 | J25: 0.01 | K25: 0.015 | L25: 0.04 | M25: 0.015 | N25: 0.025 | O25: 0.025 | P25: 0.09 | Q25: 0.065 | R25: =SUM(E25:Q25) -> 0.4 | S25: t
A26: Rifiuti liquidi acquosi contenenti sigillanti diversi da 080415 | B26: 080416 | C26: D09 | E26: 1 | F26: 1 | H26: 1 | I26: 1 | K26: 1 | L26: 1 | M26: 1 | N26: 0.92 | P26: 1 | Q26: 1 | R26: =SUM(E26:Q26) -> 9.92 | S26: t
A27: Scarti di olio | B27: 130205* | D27: R13 | F27: 0.1 | P27: 0.1 | R27: =SUM(E27:Q27) -> 0.2 | S27: t
A28: Olio diatermico | B28: 130307* | D28: R13 | R28: =SUM(E28:Q28) -> 0 | S28: t
A29: Acque oleose | B29: 130507* | D29: R13 | F29: 0.1 | H29: 0.1 | L29: 0.1 | P29: 0.1 | Q29: 0.1 | R29: =SUM(E29:Q29) -> 0.5 | S29: t
A30: altri solventi e miscele di solventi | B30: 140603* | D30: R13 | R30: =SUM(E30:Q30) -> 0 | S30: t
A31: Imballaggi di carta e cartone | B31: 150101 | D31: R13 | E31: 6.3 | F31: 4.5 | H31: 5 | I31: 7.14 | J31: 4.3 | K31: 3.5 | L31: 4.1 | M31: 4.14 | N31: 4.16 | O31: 7.88 | P31: 7.28 | Q31: 6.06 | R31: =SUM(E31:Q31) -> 64.36 | S31: t
A32: imballaggi di plastica | B32: 150102 | D32: R13 | E32: 0.3 | F32: 0.74 | H32: 1.12 | I32: 0.34 | J32: 0.72 | K32: 0.2 | L32: 0.38 | M32: 0.15 | N32: 0.47 | O32: 0.6 | P32: 0.48 | Q32: 0.04 | R32: =SUM(E32:Q32) -> 5.54 | S32: t
A33: Imballaggi in legno | B33: 150103 | D33: R13 | R33: =SUM(E33:Q33) -> 0 | S33: t
A34: Imballaggi in materiali misti | B34: 150106 | D34: R12 | E34: 0.25 | F34: 0.3 | H34: 0.15 | I34: 0.3 | J34: 0.96 | K34: 0.2 | L34: 0.2 | M34: 0.1 | N34: 0.1 | O34: 0.3 | P34: 0.24 | R34: =SUM(E34:Q34) -> 3.1 | S34: t
A35: Imballaggi contaminati da sostanze pericolose | B35: 150110* | D35: R13 | E35: 0.01 | F35: 0.01 | I35: 0.005 | L35: 0.005 | M35: 0.01 | O35: 0.01 | Q35: 0.01 | R35: =SUM(E35:Q35) -> 0.06 | S35: t
A36: Imballaggi metallici | B36: 150111* | D36: R13 | H36: 0.001 | K36: 0.002 | L36: 0.001 | P36: 0.02 | Q36: 0.016 | R36: =SUM(E36:Q36) -> 0.04 | S36: t
A37: Ass. e mat. filtranti contaminati da sost. Pericolose | B37: 150202* | D37: R13 | E37: 0.01 | F37: 0.02 | H37: 0.01 | I37: 0.01 | J37: 0.05 | K37: 0.02 | L37: 0.01 | M37: 0.02 | O37: 0.008 | R37: =SUM(E37:Q37) -> 0.158 | S37: t
A38: Ass. e mat. filtranti diversi da 150202 | B38: 150203 | D38: R12 | E38: 0.1 | I38: 0.15 | J38: 0.15 | K38: 0.1 | L38: 0.05 | M38: 0.1 | N38: 0.08 | O38: 0.19 | P38: 0.22 | R38: =SUM(E38:Q38) -> 1.14 | S38: t
A39: Apparecchiature fuori uso con comp. pericolosi | B39: 160213* | D39: R13 | R39: =SUM(E39:Q39) -> 0 | S39: t
A40: Apparecchiature fuori diverse da 160213 | B40: 160214 | D40: R13 | R40: =SUM(E40:Q40) -> 0 | S40: t
A41: Componenti pericolosi rimossi da apparecchiature fuori uso | B41: 160215* | D41: R13 | R41: =SUM(E41:Q41) -> 0 | S41: t
A42: Componenti rimossi da apparecchiature fuori uso | B42: 160216 | D42: R13 | R42: =SUM(E42:Q42) -> 0 | S42: t
A43: Rifiuti inorganici, contenenti sostanze pericolose | B43: 160303* | C43: D15 | R43: =SUM(E43:Q43) -> 0 | S43: t
A44: Gas in contenitori a pressione, diversi da quelli di cui alla voce 16 05 04 | B44: 160505 | D44: R13 | R44: =SUM(E44:Q44) -> 0 | S44: t
A45: Sost.chim. di lab. contenenti o costituite da sot. pericolose | B45: 160506* | C45: D15 | Q45: 0.001 | R45: =SUM(E45:Q45) -> 0.001 | S45: t
A46: Soluzioni acquose di scarto, contenenti sostanze pericolose | B46: 161001* | C46: D15 | R46: =SUM(E46:Q46) -> 0 | S46: t
A47: Rifiuti plastici derivati da operazioni di costruzione e di demolizione | B47: 170203 | D47: R13 | F47: 0.02 | J47: 0.03 | L47: 0.01 | M47: 0.02 | P47: 0.04 | R47: =SUM(E47:Q47) -> 0.12 | S47: t
A48: Ferro e acciaio | B48: 170405 | D48: R4 | F48: 0.1 | H48: 0.1 | I48: 0.1 | J48: 0.1 | K48: 0.1 | L48: 0.05 | M48: 0.05 | P48: 0.65 | Q48: 0.25 | R48: =SUM(E48:Q48) -> 1.5 | S48: t
A49: Altri materiali isolanti contenenti o costituiti da sost. pericolose | B49: 170603* | C49: D15 | R49: =SUM(E49:Q49) -> 0 | S49: t
A50: Materiali isolanti diversi da quelli di cui alle voci 1706901 e 170603 | B50: 170604 | D50: R13 | R50: =SUM(E50:Q50) -> 0 | S50: t
A51: Rifiuti misti da costruzione | B51: 170904 | C51: D14 | R51: =SUM(E51:Q51) -> 0 | S51: t
A52: Soluzioni e fanghi di rigenerazione delle resine | B52: 190906 | C52: D09 | F52: 0.15 | H52: 0.15 | M52: 0.2 | P52: 0.22 | R52: =SUM(E52:Q52) -> 0.72 | S52: t
A53: Carta e cartone | B53: 200101 | D53: R13 | R53: =SUM(E53:Q53) -> 0 | S53: t
A54: Tubi al neon | B54: 200121* | D54: R13 | F54: 0.03 | J54: 0.05 | K54: 0.02 | M54: 0.03 | P54: 0.07 | Q54: 0.08 | R54: =SUM(E54:Q54) -> 0.28 | S54: t
A55: Fanghi delle fosse settiche | B55: 200304 | C55: D4 | R55: =SUM(E55:Q55) -> 0 | S55: t
R56: =SUM(E56:Q56) -> 0
R57: =SUM(E57:Q57) -> 0
R58: =SUM(E58:Q58) -> 0
R59: =SUM(E59:Q59) -> 0
R60: =SUM(E60:Q60) -> 0
R61: =SUM(E61:Q61) -> 0
R62: =SUM(R22:R61) -> 107.26

Sheet SUOLO E SOTTOSUOLO
A1: 1 - COMPONENTI AMBIENTALI
A3: 1.9 – Suolo e sottosuolo
A5: Tabella 1.9.1 – Acque di falda
A7: E' previsto il controllo analitico delle acque di falda? (SI/NO) | D7: NO
A9: PROFONDITA' DEL PUNTO DI PRELIEVO | B9: /
A11: Punto di misura/piezometro | B11: Parametro / inquinante | C11: Concentrazione limite da normativa [mg/l] | D11: Analisi del gg/mm/aaaa RdP n. ______ | G11: Analisi del gg/mm/aaaa RdP n. ______
B12: inquinante | C12: Concentrazione limite da normantiva o autorizzata in AIA [mg/l] | D12: Concentrazioine | E12: U.M. | F12: Discostamento % dal valore limite di emissione | G12: Concentrazioine | H12: U.M. | I12: Discostamento % dal valore limite di emissione
F13: =(D13/C13)*100 -> #DIV/0! | I13: =(G13/C13)*100 -> #DIV/0!
F14: =(D14/C14)*100 -> #DIV/0! | I14: =(G14/C14)*100 -> #DIV/0!
F15: =(D15/C15)*100 -> #DIV/0! | I15: =(G15/C15)*100 -> #DIV/0!
F16: =(D16/C16)*100 -> #DIV/0! | I16: =(G16/C16)*100 -> #DIV/0!
F17: =(D17/C17)*100 -> #DIV/0! | I17: =(G17/C17)*100 -> #DIV/0!
F18: =(D18/C18)*100 -> #DIV/0! | I18: =(G18/C18)*100 -> #DIV/0!
F19: =(D19/C19)*100 -> #DIV/0! | I19: =(G19/C19)*100 -> #DIV/0!
F20: =(D20/C20)*100 -> #DIV/0! | I20: =(G20/C20)*100 -> #DIV/0!
F21: =(D21/C21)*100 -> #DIV/0! | I21: =(G21/C21)*100 -> #DIV/0!
F22: =(D22/C22)*100 -> #DIV/0! | I22: =(G22/C22)*100 -> #DIV/0!
F23: =(D23/C23)*100 -> #DIV/0! | I23: =(G23/C23)*100 -> #DIV/0!
F24: =(D24/C24)*100 -> #DIV/0! | I24: =(G24/C24)*100 -> #DIV/0!
... F26: =(D26/C26)*100 -> #DIV/0! | I26: =(G26/C26)*100 -> #DIV/0!

Sheet GESTIONALE
A2: 2- GESTIONE DELL'IMPIANTO
A4: 2.1 Controllo fasi critiche, manutenzioni, stoccaggi
A6: Tabella 2.1.1 - Sistemi di controllo delle fasi critiche del processo
A8: Fase di Produzione | B8: Attività di controllo/Parametri di Controllo | C8: UM | D8: Risultato del controllo | E8: Data del controllo | F8: Commenti
A16: Tabella 2.1.2 - Interventi di manutenzione ordinaria (e straordinaria) sugli impianti di abbattimento degli inquinanti (ed eventuali fasi critiche del processo)
A18: Macchinario | B18: Tipo di intervento | C18: Data intervento | D18: Descrivere le criticità riscontrate | E18: Tipo di manutenzione (Ordinaria o Straordinaria)
A24: Tabella 2.1.3 - Sistemi di trattamento fumi: controllo del processo
A26: Punto emissione | B26: Sistema di abbattimento | C26: Parametri di controllo del processo di abbattimento | D26: Risultato del controllo | E26: UM | F26: Data del controllo
A32: Tabella 2.1.4- Sistemi di depurazione: controllo del processo
A34: Punto emissione | B34: Sistema di trattamento (stadio di trattamento) | C34: Parametri di controllo del processo di trattamento | D34: Risultato del controllo | E34: UM | F34: Data del controllo
A40: Tabella 2.1.5 - Aree di stoccaggio (vasche, serbatoi, bacini di contenimento etc.)
A42: Tipologia di stoccaggio e localizzazione | B42: Criticità/Parametro | C42: Verifica effettuata | D42: Data controllo | E42: Descrivere le criticità riscontrate.

Sheet INDICATORI DI PRESTAZIONE
A2: 3 – INDICATORI DI PRESTAZIONE
A5: Tabella 3.1. Monitoraggio degli indicatori di performance
A7: Indicatore a sua descrizione | B7: Valore | C7: UM
A8: Materie prime
A12: Consumo specifico di energia (consumo di energia finale/tasso di attività) | B12: =((('ACQUA ED ENERGIA'!Z30+'ACQUA ED ENERGIA'!Z31)/1000)+('ACQUA ED ENERGIA'!AA51*10.69/1000))/('MATERIE PRIME'!N86+'MATERIE PRIME'!N87+'MATERIE PRIME'!N88) -> 0.10671559 | C12: MWh/t
A13: Energia elettrica da rete esterna vs. grano macinato | B13: ='ACQUA ED ENERGIA'!Z30/'MATERIE PRIME'!N11 -> 101.0619 | C13: Kwh/t
A14: Energia elettrica autoprodotta vs. grano macinato | B14: ='ACQUA ED ENERGIA'!Z31/'MATERIE PRIME'!N11 -> 7.5269607 | C14: Kwh/t
A15: Emissioni
A16: Polveri emesse / grano macinato | B16: =('EMISSIONI IN ARIA'!E31+'EMISSIONI IN ARIA'!E37+'EMISSIONI IN ARIA'!E43+'EMISSIONI IN ARIA'!E49+'EMISSIONI IN ARIA'!E55+'EMISSIONI IN ARIA'!E61+'EMISSIONI IN ARIA'!E67+'EMISSIONI IN ARIA'!E73+'EMISSIONI IN ARIA'!E79+'EMISSIONI IN ARIA'!E91+'EMISSIONI IN ARIA'!E97+'EMISSIONI IN ARIA'!E103+'EMISSIONI IN ARIA'!E109+'EMISSIONI IN ARIA'!K115+'EMISSIONI IN ARIA'!K121+'EMISSIONI IN ARIA'!K127+'EMISSIONI IN ARIA'!K133)/('MATERIE PRIME'!N11) -> 0.0057966409 | C16: Kg/t
A18: Consumi idrici
A19: Acqua utilizzata in bagnatura / farina prodotta | B19: ='ACQUA ED ENERGIA'!N9*1000/'MATERIE PRIME'!N86 -> 61.086418 | C19: l/t
A20: Acqua utilizzata in bagnatura / grano macinato | B20: ='ACQUA ED ENERGIA'!N9*1000/'MATERIE PRIME'!N11 -> 57.519922 | C20: l/t
A24: Rifiuti (sottoprodotti)
A25: Rifiuti totali (P e NP) vs. grano macinato | B25: =(RIFIUTI!R62*1000)/'MATERIE PRIME'!N11 -> 1.964211 | C25: Kg/t
A26: Rifiuti non pericolosi vs. grano macinato | B26: =((RIFIUTI!R22+RIFIUTI!R25+RIFIUTI!R26+RIFIUTI!R31+RIFIUTI!R32+RIFIUTI!R33+RIFIUTI!R34+RIFIUTI!R38+RIFIUTI!R40+RIFIUTI!R42+RIFIUTI!R44+RIFIUTI!R47+RIFIUTI!R48+RIFIUTI!R50+RIFIUTI!R51+RIFIUTI!R52+RIFIUTI!R53+RIFIUTI!R55)*1000)/'MATERIE PRIME'!N11 -> 1.9411371 | C26: Kg/t
A27: Rifiuti pericolosi vs. grano macinato | B27: =((RIFIUTI!R23+RIFIUTI!R24+RIFIUTI!R27+RIFIUTI!R28+RIFIUTI!R29+RIFIUTI!R30+RIFIUTI!R35+RIFIUTI!R36+RIFIUTI!R37+RIFIUTI!R39+RIFIUTI!R41+RIFIUTI!R43+RIFIUTI!R45+RIFIUTI!R46+RIFIUTI!R49+RIFIUTI!R54)*1000)/'MATERIE PRIME'!N11 -> 0.023073894 | C27: Kg/t
A28: % rifiuti a recupero vs. rifiuti totali | B28: =((RIFIUTI!R22+RIFIUTI!R24+RIFIUTI!R27+RIFIUTI!R28+RIFIUTI!R29+RIFIUTI!R30+RIFIUTI!R31+RIFIUTI!R32+RIFIUTI!R33+RIFIUTI!R34+RIFIUTI!R35+RIFIUTI!R36+RIFIUTI!R37+RIFIUTI!R38+RIFIUTI!R39+RIFIUTI!R40+RIFIUTI!R41+RIFIUTI!R42+RIFIUTI!R44+RIFIUTI!R47+RIFIUTI!R48+RIFIUTI!R50+RIFIUTI!R53+RIFIUTI!R54)*100)/RIFIUTI!R62 -> 89.706321 | C28: %
A29: Scarti inutilizzabili per il consumo (CER 020304) / farina prodotta | B29: =(RIFIUTI!R22*1000)/'MATERIE PRIME'!N86 -> 0.37340313 | C29: Kg/t
A30: Imballaggi carta e cartone (CER 150101) / farina prodotta | B30: =(RIFIUTI!R31*1000)/'MATERIE PRIME'!N86 -> 1.2516784 | C30: Kg/t
A31: Combustibili
A32: Consumo di metano vs. grano macinato | B32: ='ACQUA ED ENERGIA'!AA51/'MATERIE PRIME'!N11 -> 1.707003 | C32: m3/t
A33: Consumo di metano vs. farina prodotta | B33: ='ACQUA ED ENERGIA'!AA51/'MATERIE PRIME'!N86 -> 1.8128449 | C33: m3/t

Sheet ALTRE DICHIARAZIONI
A2: ALTRE DICHIARAZIONI

Sheet Foglio1
